policy,seed,step,value,outcome
beta=0,7,0,1.0,failed
beta=0,7,1,14.0,failed
beta=0,7,2,25.0,failed
beta=0,7,3,48.0,failed
beta=0,7,4,96.0,failed
beta=0,7,5,151.0,failed
beta=0,7,6,224.0,failed
beta=0,7,7,312.0,failed
beta=0,7,8,453.0,failed
beta=0,7,9,599.0,failed
beta=0,7,10,748.0,failed
beta=0,7,11,891.0,failed
beta=0,7,12,1020.0,failed
beta=0,7,13,1189.0,failed
beta=0,7,14,1391.0,failed
beta=0,7,15,1663.0,failed
beta=0,7,16,2021.0,failed
beta=0,7,17,2405.0,failed
beta=0,7,18,2773.0,failed
beta=0,7,19,3169.0,failed
beta=0,7,20,3516.0,failed
beta=0,7,21,3798.0,failed
beta=0,7,22,4009.0,failed
beta=0,7,23,4165.0,failed
beta=0,7,24,4323.0,failed
beta=0,7,25,4490.0,failed
beta=0,7,26,4638.0,failed
beta=0,7,27,4757.0,failed
beta=0,7,28,4841.0,failed
beta=0,7,29,4897.0,failed
beta=0,7,30,4923.0,failed
beta=0,7,31,4932.0,failed
beta=0,7,32,4938.0,failed
beta=0,7,33,4941.0,failed
beta=0,7,34,4941.0,failed
beta=0,7,35,4941.0,failed
beta=0,7,36,4941.0,failed
beta=0,7,37,4941.0,failed
beta=0,7,38,4941.0,failed
beta=0,7,39,4941.0,failed
beta=0,7,40,4941.0,failed
beta=0,7,41,4941.0,failed
beta=0,7,42,4941.0,failed
beta=0,7,43,4941.0,failed
beta=0,7,44,4941.0,failed
beta=0,7,45,4941.0,failed
beta=0,7,46,4941.0,failed
beta=0,7,47,4941.0,failed
beta=0,7,48,4941.0,failed
beta=0,7,49,4941.0,failed
beta=0,7,50,4941.0,failed
beta=0,7,51,4941.0,failed
beta=0,7,52,4941.0,failed
beta=0,7,53,4941.0,failed
beta=0,7,54,4941.0,failed
beta=0,7,55,4941.0,failed
beta=0,7,56,4941.0,failed
beta=0,7,57,4941.0,failed
beta=0,7,58,4941.0,failed
beta=0,7,59,4941.0,failed
beta=0,7,60,4941.0,failed
beta=0,7,61,4941.0,failed
beta=0,7,62,4941.0,failed
beta=0,7,63,4941.0,failed
beta=0,7,64,4941.0,failed
beta=0,7,65,4941.0,failed
beta=0,7,66,4941.0,failed
beta=0,7,67,4941.0,failed
beta=0,7,68,4941.0,failed
beta=0,7,69,4941.0,failed
beta=0,7,70,4941.0,failed
beta=0,7,71,4941.0,failed
beta=0,7,72,4941.0,failed
beta=0,7,73,4941.0,failed
beta=0,7,74,4941.0,failed
beta=0,7,75,4941.0,failed
beta=0,7,76,4941.0,failed
beta=0,7,77,4941.0,failed
beta=0,7,78,4941.0,failed
beta=0,7,79,4941.0,failed
beta=0,7,80,4941.0,failed
beta=0,7,81,4941.0,failed
beta=0,7,82,4941.0,failed
beta=0,7,83,4941.0,failed
beta=0,7,84,4941.0,failed
beta=0,7,85,4941.0,failed
beta=0,7,86,4941.0,failed
beta=0,7,87,4941.0,failed
beta=0,7,88,4941.0,failed
beta=0,7,89,4941.0,failed
beta=0,7,90,4941.0,failed
beta=0,7,91,4941.0,failed
beta=0,7,92,4941.0,failed
beta=0,7,93,4941.0,failed
beta=0,7,94,4941.0,failed
beta=0,7,95,4941.0,failed
beta=0,7,96,4941.0,failed
beta=0,7,97,4941.0,failed
beta=0,7,98,4941.0,failed
beta=0,7,99,4941.0,failed
beta=0,7,100,4941.0,failed
beta=0,7,101,4941.0,failed
beta=0,7,102,4941.0,failed
beta=0,7,103,4941.0,failed
beta=0,7,104,4941.0,failed
beta=0,7,105,4941.0,failed
beta=0,7,106,4941.0,failed
beta=0,7,107,4941.0,failed
beta=0,7,108,4941.0,failed
beta=0,7,109,4941.0,failed
beta=0,7,110,4941.0,failed
beta=0,7,111,4941.0,failed
beta=0,7,112,4941.0,failed
beta=0,7,113,4941.0,failed
beta=0,7,114,4941.0,failed
beta=0,7,115,4941.0,failed
beta=0,7,116,4941.0,failed
beta=0,7,117,4941.0,failed
beta=0,7,118,4941.0,failed
beta=0,7,119,4941.0,failed
beta=0,7,120,4941.0,failed
beta=0,7,121,4941.0,failed
beta=0,7,122,4941.0,failed
beta=0,7,123,4941.0,failed
beta=0,7,124,4941.0,failed
beta=0,7,125,4941.0,failed
beta=0,7,126,4941.0,failed
beta=0,7,127,4941.0,failed
beta=0,7,128,4941.0,failed
beta=0,7,129,4941.0,failed
beta=0,7,130,4941.0,failed
beta=0,7,131,4941.0,failed
beta=0,7,132,4941.0,failed
beta=0,7,133,4941.0,failed
beta=0,7,134,4941.0,failed
beta=0,7,135,4941.0,failed
beta=0,7,136,4941.0,failed
beta=0,7,137,4941.0,failed
beta=0,7,138,4941.0,failed
beta=0,7,139,4941.0,failed
beta=0,7,140,4941.0,failed
beta=0,7,141,4941.0,failed
beta=0,7,142,4941.0,failed
beta=0,7,143,4941.0,failed
beta=0,7,144,4941.0,failed
beta=0,7,145,4941.0,failed
beta=0,7,146,4941.0,failed
beta=0,7,147,4941.0,failed
beta=0,7,148,4941.0,failed
beta=0,7,149,4941.0,failed
beta=0,7,150,4941.0,failed
beta=0,7,151,4941.0,failed
beta=0,7,152,4941.0,failed
beta=0,7,153,4941.0,failed
beta=0,7,154,4941.0,failed
beta=0,7,155,4941.0,failed
beta=0,7,156,4941.0,failed
beta=0,7,157,4941.0,failed
beta=0,7,158,4941.0,failed
beta=0,7,159,4941.0,failed
beta=0,7,160,4941.0,failed
beta=0,7,161,4941.0,failed
beta=0,7,162,4941.0,failed
beta=0,7,163,4941.0,failed
beta=0,7,164,4941.0,failed
beta=0,7,165,4941.0,failed
beta=0,7,166,4941.0,failed
beta=0,7,167,4941.0,failed
beta=0,7,168,4941.0,failed
beta=0,7,169,4941.0,failed
beta=0,7,170,4941.0,failed
beta=0,7,171,4941.0,failed
beta=0,7,172,4941.0,failed
beta=0,7,173,4941.0,failed
beta=0,7,174,4941.0,failed
beta=0,7,175,4941.0,failed
beta=0,7,176,4941.0,failed
beta=0,7,177,4941.0,failed
beta=0,7,178,4941.0,failed
beta=0,7,179,4941.0,failed
beta=0,7,180,4941.0,failed
beta=0,7,181,4941.0,failed
beta=0,7,182,4941.0,failed
beta=0,7,183,4941.0,failed
beta=0,7,184,4941.0,failed
beta=0,7,185,4941.0,failed
beta=0,7,186,4941.0,failed
beta=0,7,187,4941.0,failed
beta=0,7,188,4941.0,failed
beta=0,7,189,4941.0,failed
beta=0,7,190,4941.0,failed
beta=0,7,191,4941.0,failed
beta=0,7,192,4941.0,failed
beta=0,7,193,4941.0,failed
beta=0,7,194,4941.0,failed
beta=0,7,195,4941.0,failed
beta=0,7,196,4941.0,failed
beta=0,7,197,4941.0,failed
beta=0,7,198,4941.0,failed
beta=0,7,199,4941.0,failed
beta=0,7,200,4941.0,failed
beta=0,7,0,0.0,lost_load
beta=0,7,1,0.0,lost_load
beta=0,7,2,5.0,lost_load
beta=0,7,3,19.0,lost_load
beta=0,7,4,77.5,lost_load
beta=0,7,5,147.2428571428571,lost_load
beta=0,7,6,342.67785714285736,lost_load
beta=0,7,7,446.48251133786874,lost_load
beta=0,7,8,611.2440625,lost_load
beta=0,7,9,941.9562379535147,lost_load
beta=0,7,10,1354.268789864154,lost_load
beta=0,7,11,1704.7438306831043,lost_load
beta=0,7,12,2166.509759728781,lost_load
beta=0,7,13,2457.1149392099283,lost_load
beta=0,7,14,2828.0395113205714,lost_load
beta=0,7,15,3171.946581512013,lost_load
beta=0,7,16,3568.7242909015176,lost_load
beta=0,7,17,4212.832303643319,lost_load
beta=0,7,18,4976.153026581551,lost_load
beta=0,7,19,5944.416509148823,lost_load
beta=0,7,20,7200.084563909553,lost_load
beta=0,7,21,8279.388530676846,lost_load
beta=0,7,22,9401.718374861273,lost_load
beta=0,7,23,10016.274568080593,lost_load
beta=0,7,24,10470.015295596448,lost_load
beta=0,7,25,10927.962803789678,lost_load
beta=0,7,26,11312.381165504594,lost_load
beta=0,7,27,11803.070940780319,lost_load
beta=0,7,28,12275.553646473536,lost_load
beta=0,7,29,12595.931218840968,lost_load
beta=0,7,30,12933.705537802973,lost_load
beta=0,7,31,13107.222973258195,lost_load
beta=0,7,32,13137.93800804576,lost_load
beta=0,7,33,13154.45834672733,lost_load
beta=0,7,34,13187.999999999996,lost_load
beta=0,7,35,13187.999999999996,lost_load
beta=0,7,36,13187.999999999996,lost_load
beta=0,7,37,13187.999999999996,lost_load
beta=0,7,38,13187.999999999996,lost_load
beta=0,7,39,13187.999999999996,lost_load
beta=0,7,40,13187.999999999996,lost_load
beta=0,7,41,13187.999999999996,lost_load
beta=0,7,42,13187.999999999996,lost_load
beta=0,7,43,13187.999999999996,lost_load
beta=0,7,44,13187.999999999996,lost_load
beta=0,7,45,13187.999999999996,lost_load
beta=0,7,46,13187.999999999996,lost_load
beta=0,7,47,13187.999999999996,lost_load
beta=0,7,48,13187.999999999996,lost_load
beta=0,7,49,13187.999999999996,lost_load
beta=0,7,50,13187.999999999996,lost_load
beta=0,7,51,13187.999999999996,lost_load
beta=0,7,52,13187.999999999996,lost_load
beta=0,7,53,13187.999999999996,lost_load
beta=0,7,54,13187.999999999996,lost_load
beta=0,7,55,13187.999999999996,lost_load
beta=0,7,56,13187.999999999996,lost_load
beta=0,7,57,13187.999999999996,lost_load
beta=0,7,58,13187.999999999996,lost_load
beta=0,7,59,13187.999999999996,lost_load
beta=0,7,60,13187.999999999996,lost_load
beta=0,7,61,13187.999999999996,lost_load
beta=0,7,62,13187.999999999996,lost_load
beta=0,7,63,13187.999999999996,lost_load
beta=0,7,64,13187.999999999996,lost_load
beta=0,7,65,13187.999999999996,lost_load
beta=0,7,66,13187.999999999996,lost_load
beta=0,7,67,13187.999999999996,lost_load
beta=0,7,68,13187.999999999996,lost_load
beta=0,7,69,13187.999999999996,lost_load
beta=0,7,70,13187.999999999996,lost_load
beta=0,7,71,13187.999999999996,lost_load
beta=0,7,72,13187.999999999996,lost_load
beta=0,7,73,13187.999999999996,lost_load
beta=0,7,74,13187.999999999996,lost_load
beta=0,7,75,13187.999999999996,lost_load
beta=0,7,76,13187.999999999996,lost_load
beta=0,7,77,13187.999999999996,lost_load
beta=0,7,78,13187.999999999996,lost_load
beta=0,7,79,13187.999999999996,lost_load
beta=0,7,80,13187.999999999996,lost_load
beta=0,7,81,13187.999999999996,lost_load
beta=0,7,82,13187.999999999996,lost_load
beta=0,7,83,13187.999999999996,lost_load
beta=0,7,84,13187.999999999996,lost_load
beta=0,7,85,13187.999999999996,lost_load
beta=0,7,86,13187.999999999996,lost_load
beta=0,7,87,13187.999999999996,lost_load
beta=0,7,88,13187.999999999996,lost_load
beta=0,7,89,13187.999999999996,lost_load
beta=0,7,90,13187.999999999996,lost_load
beta=0,7,91,13187.999999999996,lost_load
beta=0,7,92,13187.999999999996,lost_load
beta=0,7,93,13187.999999999996,lost_load
beta=0,7,94,13187.999999999996,lost_load
beta=0,7,95,13187.999999999996,lost_load
beta=0,7,96,13187.999999999996,lost_load
beta=0,7,97,13187.999999999996,lost_load
beta=0,7,98,13187.999999999996,lost_load
beta=0,7,99,13187.999999999996,lost_load
beta=0,7,100,13187.999999999996,lost_load
beta=0,7,101,13187.999999999996,lost_load
beta=0,7,102,13187.999999999996,lost_load
beta=0,7,103,13187.999999999996,lost_load
beta=0,7,104,13187.999999999996,lost_load
beta=0,7,105,13187.999999999996,lost_load
beta=0,7,106,13187.999999999996,lost_load
beta=0,7,107,13187.999999999996,lost_load
beta=0,7,108,13187.999999999996,lost_load
beta=0,7,109,13187.999999999996,lost_load
beta=0,7,110,13187.999999999996,lost_load
beta=0,7,111,13187.999999999996,lost_load
beta=0,7,112,13187.999999999996,lost_load
beta=0,7,113,13187.999999999996,lost_load
beta=0,7,114,13187.999999999996,lost_load
beta=0,7,115,13187.999999999996,lost_load
beta=0,7,116,13187.999999999996,lost_load
beta=0,7,117,13187.999999999996,lost_load
beta=0,7,118,13187.999999999996,lost_load
beta=0,7,119,13187.999999999996,lost_load
beta=0,7,120,13187.999999999996,lost_load
beta=0,7,121,13187.999999999996,lost_load
beta=0,7,122,13187.999999999996,lost_load
beta=0,7,123,13187.999999999996,lost_load
beta=0,7,124,13187.999999999996,lost_load
beta=0,7,125,13187.999999999996,lost_load
beta=0,7,126,13187.999999999996,lost_load
beta=0,7,127,13187.999999999996,lost_load
beta=0,7,128,13187.999999999996,lost_load
beta=0,7,129,13187.999999999996,lost_load
beta=0,7,130,13187.999999999996,lost_load
beta=0,7,131,13187.999999999996,lost_load
beta=0,7,132,13187.999999999996,lost_load
beta=0,7,133,13187.999999999996,lost_load
beta=0,7,134,13187.999999999996,lost_load
beta=0,7,135,13187.999999999996,lost_load
beta=0,7,136,13187.999999999996,lost_load
beta=0,7,137,13187.999999999996,lost_load
beta=0,7,138,13187.999999999996,lost_load
beta=0,7,139,13187.999999999996,lost_load
beta=0,7,140,13187.999999999996,lost_load
beta=0,7,141,13187.999999999996,lost_load
beta=0,7,142,13187.999999999996,lost_load
beta=0,7,143,13187.999999999996,lost_load
beta=0,7,144,13187.999999999996,lost_load
beta=0,7,145,13187.999999999996,lost_load
beta=0,7,146,13187.999999999996,lost_load
beta=0,7,147,13187.999999999996,lost_load
beta=0,7,148,13187.999999999996,lost_load
beta=0,7,149,13187.999999999996,lost_load
beta=0,7,150,13187.999999999996,lost_load
beta=0,7,151,13187.999999999996,lost_load
beta=0,7,152,13187.999999999996,lost_load
beta=0,7,153,13187.999999999996,lost_load
beta=0,7,154,13187.999999999996,lost_load
beta=0,7,155,13187.999999999996,lost_load
beta=0,7,156,13187.999999999996,lost_load
beta=0,7,157,13187.999999999996,lost_load
beta=0,7,158,13187.999999999996,lost_load
beta=0,7,159,13187.999999999996,lost_load
beta=0,7,160,13187.999999999996,lost_load
beta=0,7,161,13187.999999999996,lost_load
beta=0,7,162,13187.999999999996,lost_load
beta=0,7,163,13187.999999999996,lost_load
beta=0,7,164,13187.999999999996,lost_load
beta=0,7,165,13187.999999999996,lost_load
beta=0,7,166,13187.999999999996,lost_load
beta=0,7,167,13187.999999999996,lost_load
beta=0,7,168,13187.999999999996,lost_load
beta=0,7,169,13187.999999999996,lost_load
beta=0,7,170,13187.999999999996,lost_load
beta=0,7,171,13187.999999999996,lost_load
beta=0,7,172,13187.999999999996,lost_load
beta=0,7,173,13187.999999999996,lost_load
beta=0,7,174,13187.999999999996,lost_load
beta=0,7,175,13187.999999999996,lost_load
beta=0,7,176,13187.999999999996,lost_load
beta=0,7,177,13187.999999999996,lost_load
beta=0,7,178,13187.999999999996,lost_load
beta=0,7,179,13187.999999999996,lost_load
beta=0,7,180,13187.999999999996,lost_load
beta=0,7,181,13187.999999999996,lost_load
beta=0,7,182,13187.999999999996,lost_load
beta=0,7,183,13187.999999999996,lost_load
beta=0,7,184,13187.999999999996,lost_load
beta=0,7,185,13187.999999999996,lost_load
beta=0,7,186,13187.999999999996,lost_load
beta=0,7,187,13187.999999999996,lost_load
beta=0,7,188,13187.999999999996,lost_load
beta=0,7,189,13187.999999999996,lost_load
beta=0,7,190,13187.999999999996,lost_load
beta=0,7,191,13187.999999999996,lost_load
beta=0,7,192,13187.999999999996,lost_load
beta=0,7,193,13187.999999999996,lost_load
beta=0,7,194,13187.999999999996,lost_load
beta=0,7,195,13187.999999999996,lost_load
beta=0,7,196,13187.999999999996,lost_load
beta=0,7,197,13187.999999999996,lost_load
beta=0,7,198,13187.999999999996,lost_load
beta=0,7,199,13187.999999999996,lost_load
beta=0,7,200,13187.999999999996,lost_load
beta=1,7,0,1.0,failed
beta=1,7,1,20.0,failed
beta=1,7,2,45.0,failed
beta=1,7,3,77.0,failed
beta=1,7,4,135.0,failed
beta=1,7,5,194.0,failed
beta=1,7,6,270.0,failed
beta=1,7,7,374.0,failed
beta=1,7,8,509.0,failed
beta=1,7,9,654.0,failed
beta=1,7,10,803.0,failed
beta=1,7,11,930.0,failed
beta=1,7,12,1043.0,failed
beta=1,7,13,1207.0,failed
beta=1,7,14,1430.0,failed
beta=1,7,15,1764.0,failed
beta=1,7,16,2199.0,failed
beta=1,7,17,2637.0,failed
beta=1,7,18,3039.0,failed
beta=1,7,19,3414.0,failed
beta=1,7,20,3714.0,failed
beta=1,7,21,3926.0,failed
beta=1,7,22,4063.0,failed
beta=1,7,23,4195.0,failed
beta=1,7,24,4352.0,failed
beta=1,7,25,4511.0,failed
beta=1,7,26,4653.0,failed
beta=1,7,27,4766.0,failed
beta=1,7,28,4855.0,failed
beta=1,7,29,4904.0,failed
beta=1,7,30,4930.0,failed
beta=1,7,31,4937.0,failed
beta=1,7,32,4941.0,failed
beta=1,7,33,4941.0,failed
beta=1,7,34,4941.0,failed
beta=1,7,35,4941.0,failed
beta=1,7,36,4941.0,failed
beta=1,7,37,4941.0,failed
beta=1,7,38,4941.0,failed
beta=1,7,39,4941.0,failed
beta=1,7,40,4941.0,failed
beta=1,7,41,4941.0,failed
beta=1,7,42,4941.0,failed
beta=1,7,43,4941.0,failed
beta=1,7,44,4941.0,failed
beta=1,7,45,4941.0,failed
beta=1,7,46,4941.0,failed
beta=1,7,47,4941.0,failed
beta=1,7,48,4941.0,failed
beta=1,7,49,4941.0,failed
beta=1,7,50,4941.0,failed
beta=1,7,51,4941.0,failed
beta=1,7,52,4941.0,failed
beta=1,7,53,4941.0,failed
beta=1,7,54,4941.0,failed
beta=1,7,55,4941.0,failed
beta=1,7,56,4941.0,failed
beta=1,7,57,4941.0,failed
beta=1,7,58,4941.0,failed
beta=1,7,59,4941.0,failed
beta=1,7,60,4941.0,failed
beta=1,7,61,4941.0,failed
beta=1,7,62,4941.0,failed
beta=1,7,63,4941.0,failed
beta=1,7,64,4941.0,failed
beta=1,7,65,4941.0,failed
beta=1,7,66,4941.0,failed
beta=1,7,67,4941.0,failed
beta=1,7,68,4941.0,failed
beta=1,7,69,4941.0,failed
beta=1,7,70,4941.0,failed
beta=1,7,71,4941.0,failed
beta=1,7,72,4941.0,failed
beta=1,7,73,4941.0,failed
beta=1,7,74,4941.0,failed
beta=1,7,75,4941.0,failed
beta=1,7,76,4941.0,failed
beta=1,7,77,4941.0,failed
beta=1,7,78,4941.0,failed
beta=1,7,79,4941.0,failed
beta=1,7,80,4941.0,failed
beta=1,7,81,4941.0,failed
beta=1,7,82,4941.0,failed
beta=1,7,83,4941.0,failed
beta=1,7,84,4941.0,failed
beta=1,7,85,4941.0,failed
beta=1,7,86,4941.0,failed
beta=1,7,87,4941.0,failed
beta=1,7,88,4941.0,failed
beta=1,7,89,4941.0,failed
beta=1,7,90,4941.0,failed
beta=1,7,91,4941.0,failed
beta=1,7,92,4941.0,failed
beta=1,7,93,4941.0,failed
beta=1,7,94,4941.0,failed
beta=1,7,95,4941.0,failed
beta=1,7,96,4941.0,failed
beta=1,7,97,4941.0,failed
beta=1,7,98,4941.0,failed
beta=1,7,99,4941.0,failed
beta=1,7,100,4941.0,failed
beta=1,7,101,4941.0,failed
beta=1,7,102,4941.0,failed
beta=1,7,103,4941.0,failed
beta=1,7,104,4941.0,failed
beta=1,7,105,4941.0,failed
beta=1,7,106,4941.0,failed
beta=1,7,107,4941.0,failed
beta=1,7,108,4941.0,failed
beta=1,7,109,4941.0,failed
beta=1,7,110,4941.0,failed
beta=1,7,111,4941.0,failed
beta=1,7,112,4941.0,failed
beta=1,7,113,4941.0,failed
beta=1,7,114,4941.0,failed
beta=1,7,115,4941.0,failed
beta=1,7,116,4941.0,failed
beta=1,7,117,4941.0,failed
beta=1,7,118,4941.0,failed
beta=1,7,119,4941.0,failed
beta=1,7,120,4941.0,failed
beta=1,7,121,4941.0,failed
beta=1,7,122,4941.0,failed
beta=1,7,123,4941.0,failed
beta=1,7,124,4941.0,failed
beta=1,7,125,4941.0,failed
beta=1,7,126,4941.0,failed
beta=1,7,127,4941.0,failed
beta=1,7,128,4941.0,failed
beta=1,7,129,4941.0,failed
beta=1,7,130,4941.0,failed
beta=1,7,131,4941.0,failed
beta=1,7,132,4941.0,failed
beta=1,7,133,4941.0,failed
beta=1,7,134,4941.0,failed
beta=1,7,135,4941.0,failed
beta=1,7,136,4941.0,failed
beta=1,7,137,4941.0,failed
beta=1,7,138,4941.0,failed
beta=1,7,139,4941.0,failed
beta=1,7,140,4941.0,failed
beta=1,7,141,4941.0,failed
beta=1,7,142,4941.0,failed
beta=1,7,143,4941.0,failed
beta=1,7,144,4941.0,failed
beta=1,7,145,4941.0,failed
beta=1,7,146,4941.0,failed
beta=1,7,147,4941.0,failed
beta=1,7,148,4941.0,failed
beta=1,7,149,4941.0,failed
beta=1,7,150,4941.0,failed
beta=1,7,151,4941.0,failed
beta=1,7,152,4941.0,failed
beta=1,7,153,4941.0,failed
beta=1,7,154,4941.0,failed
beta=1,7,155,4941.0,failed
beta=1,7,156,4941.0,failed
beta=1,7,157,4941.0,failed
beta=1,7,158,4941.0,failed
beta=1,7,159,4941.0,failed
beta=1,7,160,4941.0,failed
beta=1,7,161,4941.0,failed
beta=1,7,162,4941.0,failed
beta=1,7,163,4941.0,failed
beta=1,7,164,4941.0,failed
beta=1,7,165,4941.0,failed
beta=1,7,166,4941.0,failed
beta=1,7,167,4941.0,failed
beta=1,7,168,4941.0,failed
beta=1,7,169,4941.0,failed
beta=1,7,170,4941.0,failed
beta=1,7,171,4941.0,failed
beta=1,7,172,4941.0,failed
beta=1,7,173,4941.0,failed
beta=1,7,174,4941.0,failed
beta=1,7,175,4941.0,failed
beta=1,7,176,4941.0,failed
beta=1,7,177,4941.0,failed
beta=1,7,178,4941.0,failed
beta=1,7,179,4941.0,failed
beta=1,7,180,4941.0,failed
beta=1,7,181,4941.0,failed
beta=1,7,182,4941.0,failed
beta=1,7,183,4941.0,failed
beta=1,7,184,4941.0,failed
beta=1,7,185,4941.0,failed
beta=1,7,186,4941.0,failed
beta=1,7,187,4941.0,failed
beta=1,7,188,4941.0,failed
beta=1,7,189,4941.0,failed
beta=1,7,190,4941.0,failed
beta=1,7,191,4941.0,failed
beta=1,7,192,4941.0,failed
beta=1,7,193,4941.0,failed
beta=1,7,194,4941.0,failed
beta=1,7,195,4941.0,failed
beta=1,7,196,4941.0,failed
beta=1,7,197,4941.0,failed
beta=1,7,198,4941.0,failed
beta=1,7,199,4941.0,failed
beta=1,7,200,4941.0,failed
beta=1,7,0,0.0,lost_load
beta=1,7,1,0.0,lost_load
beta=1,7,2,22.885714285714286,lost_load
beta=1,7,3,68.93621888946966,lost_load
beta=1,7,4,118.23747564217076,lost_load
beta=1,7,5,251.03646400280334,lost_load
beta=1,7,6,408.3375253144276,lost_load
beta=1,7,7,525.8941873417995,lost_load
beta=1,7,8,745.3733025948949,lost_load
beta=1,7,9,1023.970272971354,lost_load
beta=1,7,10,1396.9926952383914,lost_load
beta=1,7,11,1779.1797857855727,lost_load
beta=1,7,12,2304.8300184905024,lost_load
beta=1,7,13,2515.9164559651667,lost_load
beta=1,7,14,2825.723321955969,lost_load
beta=1,7,15,3137.474872083774,lost_load
beta=1,7,16,3612.7092667722873,lost_load
beta=1,7,17,4362.941276115679,lost_load
beta=1,7,18,5320.855851655827,lost_load
beta=1,7,19,6503.07505343166,lost_load
beta=1,7,20,7742.526012572803,lost_load
beta=1,7,21,8819.004852949374,lost_load
beta=1,7,22,9846.785484577213,lost_load
beta=1,7,23,10195.484533065588,lost_load
beta=1,7,24,10572.43196152019,lost_load
beta=1,7,25,10972.64277063581,lost_load
beta=1,7,26,11332.790936090392,lost_load
beta=1,7,27,11772.454471155226,lost_load
beta=1,7,28,12200.943733396876,lost_load
beta=1,7,29,12574.688748316708,lost_load
beta=1,7,30,12984.430473122353,lost_load
beta=1,7,31,13109.85230235888,lost_load
beta=1,7,32,13144.66029186358,lost_load
beta=1,7,33,13187.999999999953,lost_load
beta=1,7,34,13187.999999999953,lost_load
beta=1,7,35,13187.999999999953,lost_load
beta=1,7,36,13187.999999999953,lost_load
beta=1,7,37,13187.999999999953,lost_load
beta=1,7,38,13187.999999999953,lost_load
beta=1,7,39,13187.999999999953,lost_load
beta=1,7,40,13187.999999999953,lost_load
beta=1,7,41,13187.999999999953,lost_load
beta=1,7,42,13187.999999999953,lost_load
beta=1,7,43,13187.999999999953,lost_load
beta=1,7,44,13187.999999999953,lost_load
beta=1,7,45,13187.999999999953,lost_load
beta=1,7,46,13187.999999999953,lost_load
beta=1,7,47,13187.999999999953,lost_load
beta=1,7,48,13187.999999999953,lost_load
beta=1,7,49,13187.999999999953,lost_load
beta=1,7,50,13187.999999999953,lost_load
beta=1,7,51,13187.999999999953,lost_load
beta=1,7,52,13187.999999999953,lost_load
beta=1,7,53,13187.999999999953,lost_load
beta=1,7,54,13187.999999999953,lost_load
beta=1,7,55,13187.999999999953,lost_load
beta=1,7,56,13187.999999999953,lost_load
beta=1,7,57,13187.999999999953,lost_load
beta=1,7,58,13187.999999999953,lost_load
beta=1,7,59,13187.999999999953,lost_load
beta=1,7,60,13187.999999999953,lost_load
beta=1,7,61,13187.999999999953,lost_load
beta=1,7,62,13187.999999999953,lost_load
beta=1,7,63,13187.999999999953,lost_load
beta=1,7,64,13187.999999999953,lost_load
beta=1,7,65,13187.999999999953,lost_load
beta=1,7,66,13187.999999999953,lost_load
beta=1,7,67,13187.999999999953,lost_load
beta=1,7,68,13187.999999999953,lost_load
beta=1,7,69,13187.999999999953,lost_load
beta=1,7,70,13187.999999999953,lost_load
beta=1,7,71,13187.999999999953,lost_load
beta=1,7,72,13187.999999999953,lost_load
beta=1,7,73,13187.999999999953,lost_load
beta=1,7,74,13187.999999999953,lost_load
beta=1,7,75,13187.999999999953,lost_load
beta=1,7,76,13187.999999999953,lost_load
beta=1,7,77,13187.999999999953,lost_load
beta=1,7,78,13187.999999999953,lost_load
beta=1,7,79,13187.999999999953,lost_load
beta=1,7,80,13187.999999999953,lost_load
beta=1,7,81,13187.999999999953,lost_load
beta=1,7,82,13187.999999999953,lost_load
beta=1,7,83,13187.999999999953,lost_load
beta=1,7,84,13187.999999999953,lost_load
beta=1,7,85,13187.999999999953,lost_load
beta=1,7,86,13187.999999999953,lost_load
beta=1,7,87,13187.999999999953,lost_load
beta=1,7,88,13187.999999999953,lost_load
beta=1,7,89,13187.999999999953,lost_load
beta=1,7,90,13187.999999999953,lost_load
beta=1,7,91,13187.999999999953,lost_load
beta=1,7,92,13187.999999999953,lost_load
beta=1,7,93,13187.999999999953,lost_load
beta=1,7,94,13187.999999999953,lost_load
beta=1,7,95,13187.999999999953,lost_load
beta=1,7,96,13187.999999999953,lost_load
beta=1,7,97,13187.999999999953,lost_load
beta=1,7,98,13187.999999999953,lost_load
beta=1,7,99,13187.999999999953,lost_load
beta=1,7,100,13187.999999999953,lost_load
beta=1,7,101,13187.999999999953,lost_load
beta=1,7,102,13187.999999999953,lost_load
beta=1,7,103,13187.999999999953,lost_load
beta=1,7,104,13187.999999999953,lost_load
beta=1,7,105,13187.999999999953,lost_load
beta=1,7,106,13187.999999999953,lost_load
beta=1,7,107,13187.999999999953,lost_load
beta=1,7,108,13187.999999999953,lost_load
beta=1,7,109,13187.999999999953,lost_load
beta=1,7,110,13187.999999999953,lost_load
beta=1,7,111,13187.999999999953,lost_load
beta=1,7,112,13187.999999999953,lost_load
beta=1,7,113,13187.999999999953,lost_load
beta=1,7,114,13187.999999999953,lost_load
beta=1,7,115,13187.999999999953,lost_load
beta=1,7,116,13187.999999999953,lost_load
beta=1,7,117,13187.999999999953,lost_load
beta=1,7,118,13187.999999999953,lost_load
beta=1,7,119,13187.999999999953,lost_load
beta=1,7,120,13187.999999999953,lost_load
beta=1,7,121,13187.999999999953,lost_load
beta=1,7,122,13187.999999999953,lost_load
beta=1,7,123,13187.999999999953,lost_load
beta=1,7,124,13187.999999999953,lost_load
beta=1,7,125,13187.999999999953,lost_load
beta=1,7,126,13187.999999999953,lost_load
beta=1,7,127,13187.999999999953,lost_load
beta=1,7,128,13187.999999999953,lost_load
beta=1,7,129,13187.999999999953,lost_load
beta=1,7,130,13187.999999999953,lost_load
beta=1,7,131,13187.999999999953,lost_load
beta=1,7,132,13187.999999999953,lost_load
beta=1,7,133,13187.999999999953,lost_load
beta=1,7,134,13187.999999999953,lost_load
beta=1,7,135,13187.999999999953,lost_load
beta=1,7,136,13187.999999999953,lost_load
beta=1,7,137,13187.999999999953,lost_load
beta=1,7,138,13187.999999999953,lost_load
beta=1,7,139,13187.999999999953,lost_load
beta=1,7,140,13187.999999999953,lost_load
beta=1,7,141,13187.999999999953,lost_load
beta=1,7,142,13187.999999999953,lost_load
beta=1,7,143,13187.999999999953,lost_load
beta=1,7,144,13187.999999999953,lost_load
beta=1,7,145,13187.999999999953,lost_load
beta=1,7,146,13187.999999999953,lost_load
beta=1,7,147,13187.999999999953,lost_load
beta=1,7,148,13187.999999999953,lost_load
beta=1,7,149,13187.999999999953,lost_load
beta=1,7,150,13187.999999999953,lost_load
beta=1,7,151,13187.999999999953,lost_load
beta=1,7,152,13187.999999999953,lost_load
beta=1,7,153,13187.999999999953,lost_load
beta=1,7,154,13187.999999999953,lost_load
beta=1,7,155,13187.999999999953,lost_load
beta=1,7,156,13187.999999999953,lost_load
beta=1,7,157,13187.999999999953,lost_load
beta=1,7,158,13187.999999999953,lost_load
beta=1,7,159,13187.999999999953,lost_load
beta=1,7,160,13187.999999999953,lost_load
beta=1,7,161,13187.999999999953,lost_load
beta=1,7,162,13187.999999999953,lost_load
beta=1,7,163,13187.999999999953,lost_load
beta=1,7,164,13187.999999999953,lost_load
beta=1,7,165,13187.999999999953,lost_load
beta=1,7,166,13187.999999999953,lost_load
beta=1,7,167,13187.999999999953,lost_load
beta=1,7,168,13187.999999999953,lost_load
beta=1,7,169,13187.999999999953,lost_load
beta=1,7,170,13187.999999999953,lost_load
beta=1,7,171,13187.999999999953,lost_load
beta=1,7,172,13187.999999999953,lost_load
beta=1,7,173,13187.999999999953,lost_load
beta=1,7,174,13187.999999999953,lost_load
beta=1,7,175,13187.999999999953,lost_load
beta=1,7,176,13187.999999999953,lost_load
beta=1,7,177,13187.999999999953,lost_load
beta=1,7,178,13187.999999999953,lost_load
beta=1,7,179,13187.999999999953,lost_load
beta=1,7,180,13187.999999999953,lost_load
beta=1,7,181,13187.999999999953,lost_load
beta=1,7,182,13187.999999999953,lost_load
beta=1,7,183,13187.999999999953,lost_load
beta=1,7,184,13187.999999999953,lost_load
beta=1,7,185,13187.999999999953,lost_load
beta=1,7,186,13187.999999999953,lost_load
beta=1,7,187,13187.999999999953,lost_load
beta=1,7,188,13187.999999999953,lost_load
beta=1,7,189,13187.999999999953,lost_load
beta=1,7,190,13187.999999999953,lost_load
beta=1,7,191,13187.999999999953,lost_load
beta=1,7,192,13187.999999999953,lost_load
beta=1,7,193,13187.999999999953,lost_load
beta=1,7,194,13187.999999999953,lost_load
beta=1,7,195,13187.999999999953,lost_load
beta=1,7,196,13187.999999999953,lost_load
beta=1,7,197,13187.999999999953,lost_load
beta=1,7,198,13187.999999999953,lost_load
beta=1,7,199,13187.999999999953,lost_load
beta=1,7,200,13187.999999999953,lost_load
beta=2,7,0,1.0,failed
beta=2,7,1,8.0,failed
beta=2,7,2,32.0,failed
beta=2,7,3,58.0,failed
beta=2,7,4,94.0,failed
beta=2,7,5,150.0,failed
beta=2,7,6,204.0,failed
beta=2,7,7,288.0,failed
beta=2,7,8,389.0,failed
beta=2,7,9,521.0,failed
beta=2,7,10,673.0,failed
beta=2,7,11,807.0,failed
beta=2,7,12,937.0,failed
beta=2,7,13,1096.0,failed
beta=2,7,14,1302.0,failed
beta=2,7,15,1594.0,failed
beta=2,7,16,1999.0,failed
beta=2,7,17,2417.0,failed
beta=2,7,18,2802.0,failed
beta=2,7,19,3143.0,failed
beta=2,7,20,3459.0,failed
beta=2,7,21,3689.0,failed
beta=2,7,22,3845.0,failed
beta=2,7,23,4002.0,failed
beta=2,7,24,4165.0,failed
beta=2,7,25,4322.0,failed
beta=2,7,26,4474.0,failed
beta=2,7,27,4589.0,failed
beta=2,7,28,4678.0,failed
beta=2,7,29,4724.0,failed
beta=2,7,30,4760.0,failed
beta=2,7,31,4782.0,failed
beta=2,7,32,4789.0,failed
beta=2,7,33,4794.0,failed
beta=2,7,34,4800.0,failed
beta=2,7,35,4801.0,failed
beta=2,7,36,4801.0,failed
beta=2,7,37,4801.0,failed
beta=2,7,38,4801.0,failed
beta=2,7,39,4801.0,failed
beta=2,7,40,4801.0,failed
beta=2,7,41,4801.0,failed
beta=2,7,42,4801.0,failed
beta=2,7,43,4801.0,failed
beta=2,7,44,4801.0,failed
beta=2,7,45,4801.0,failed
beta=2,7,46,4801.0,failed
beta=2,7,47,4801.0,failed
beta=2,7,48,4801.0,failed
beta=2,7,49,4801.0,failed
beta=2,7,50,4801.0,failed
beta=2,7,51,4801.0,failed
beta=2,7,52,4801.0,failed
beta=2,7,53,4801.0,failed
beta=2,7,54,4801.0,failed
beta=2,7,55,4801.0,failed
beta=2,7,56,4801.0,failed
beta=2,7,57,4801.0,failed
beta=2,7,58,4801.0,failed
beta=2,7,59,4801.0,failed
beta=2,7,60,4801.0,failed
beta=2,7,61,4801.0,failed
beta=2,7,62,4801.0,failed
beta=2,7,63,4801.0,failed
beta=2,7,64,4801.0,failed
beta=2,7,65,4801.0,failed
beta=2,7,66,4801.0,failed
beta=2,7,67,4801.0,failed
beta=2,7,68,4801.0,failed
beta=2,7,69,4801.0,failed
beta=2,7,70,4801.0,failed
beta=2,7,71,4801.0,failed
beta=2,7,72,4801.0,failed
beta=2,7,73,4801.0,failed
beta=2,7,74,4801.0,failed
beta=2,7,75,4801.0,failed
beta=2,7,76,4801.0,failed
beta=2,7,77,4801.0,failed
beta=2,7,78,4801.0,failed
beta=2,7,79,4801.0,failed
beta=2,7,80,4801.0,failed
beta=2,7,81,4801.0,failed
beta=2,7,82,4801.0,failed
beta=2,7,83,4801.0,failed
beta=2,7,84,4801.0,failed
beta=2,7,85,4801.0,failed
beta=2,7,86,4801.0,failed
beta=2,7,87,4801.0,failed
beta=2,7,88,4801.0,failed
beta=2,7,89,4801.0,failed
beta=2,7,90,4801.0,failed
beta=2,7,91,4801.0,failed
beta=2,7,92,4801.0,failed
beta=2,7,93,4801.0,failed
beta=2,7,94,4801.0,failed
beta=2,7,95,4801.0,failed
beta=2,7,96,4801.0,failed
beta=2,7,97,4801.0,failed
beta=2,7,98,4801.0,failed
beta=2,7,99,4801.0,failed
beta=2,7,100,4801.0,failed
beta=2,7,101,4801.0,failed
beta=2,7,102,4801.0,failed
beta=2,7,103,4801.0,failed
beta=2,7,104,4801.0,failed
beta=2,7,105,4801.0,failed
beta=2,7,106,4801.0,failed
beta=2,7,107,4801.0,failed
beta=2,7,108,4801.0,failed
beta=2,7,109,4801.0,failed
beta=2,7,110,4801.0,failed
beta=2,7,111,4801.0,failed
beta=2,7,112,4801.0,failed
beta=2,7,113,4801.0,failed
beta=2,7,114,4801.0,failed
beta=2,7,115,4801.0,failed
beta=2,7,116,4801.0,failed
beta=2,7,117,4801.0,failed
beta=2,7,118,4801.0,failed
beta=2,7,119,4801.0,failed
beta=2,7,120,4801.0,failed
beta=2,7,121,4801.0,failed
beta=2,7,122,4801.0,failed
beta=2,7,123,4801.0,failed
beta=2,7,124,4801.0,failed
beta=2,7,125,4801.0,failed
beta=2,7,126,4801.0,failed
beta=2,7,127,4801.0,failed
beta=2,7,128,4801.0,failed
beta=2,7,129,4801.0,failed
beta=2,7,130,4801.0,failed
beta=2,7,131,4801.0,failed
beta=2,7,132,4801.0,failed
beta=2,7,133,4801.0,failed
beta=2,7,134,4801.0,failed
beta=2,7,135,4801.0,failed
beta=2,7,136,4801.0,failed
beta=2,7,137,4801.0,failed
beta=2,7,138,4801.0,failed
beta=2,7,139,4801.0,failed
beta=2,7,140,4801.0,failed
beta=2,7,141,4801.0,failed
beta=2,7,142,4801.0,failed
beta=2,7,143,4801.0,failed
beta=2,7,144,4801.0,failed
beta=2,7,145,4801.0,failed
beta=2,7,146,4801.0,failed
beta=2,7,147,4801.0,failed
beta=2,7,148,4801.0,failed
beta=2,7,149,4801.0,failed
beta=2,7,150,4801.0,failed
beta=2,7,151,4801.0,failed
beta=2,7,152,4801.0,failed
beta=2,7,153,4801.0,failed
beta=2,7,154,4801.0,failed
beta=2,7,155,4801.0,failed
beta=2,7,156,4801.0,failed
beta=2,7,157,4801.0,failed
beta=2,7,158,4801.0,failed
beta=2,7,159,4801.0,failed
beta=2,7,160,4801.0,failed
beta=2,7,161,4801.0,failed
beta=2,7,162,4801.0,failed
beta=2,7,163,4801.0,failed
beta=2,7,164,4801.0,failed
beta=2,7,165,4801.0,failed
beta=2,7,166,4801.0,failed
beta=2,7,167,4801.0,failed
beta=2,7,168,4801.0,failed
beta=2,7,169,4801.0,failed
beta=2,7,170,4801.0,failed
beta=2,7,171,4801.0,failed
beta=2,7,172,4801.0,failed
beta=2,7,173,4801.0,failed
beta=2,7,174,4801.0,failed
beta=2,7,175,4801.0,failed
beta=2,7,176,4801.0,failed
beta=2,7,177,4801.0,failed
beta=2,7,178,4801.0,failed
beta=2,7,179,4801.0,failed
beta=2,7,180,4801.0,failed
beta=2,7,181,4801.0,failed
beta=2,7,182,4801.0,failed
beta=2,7,183,4801.0,failed
beta=2,7,184,4801.0,failed
beta=2,7,185,4801.0,failed
beta=2,7,186,4801.0,failed
beta=2,7,187,4801.0,failed
beta=2,7,188,4801.0,failed
beta=2,7,189,4801.0,failed
beta=2,7,190,4801.0,failed
beta=2,7,191,4801.0,failed
beta=2,7,192,4801.0,failed
beta=2,7,193,4801.0,failed
beta=2,7,194,4801.0,failed
beta=2,7,195,4801.0,failed
beta=2,7,196,4801.0,failed
beta=2,7,197,4801.0,failed
beta=2,7,198,4801.0,failed
beta=2,7,199,4801.0,failed
beta=2,7,200,4801.0,failed
beta=2,7,0,0.0,lost_load
beta=2,7,1,0.0,lost_load
beta=2,7,2,0.0,lost_load
beta=2,7,3,57.55670117274393,lost_load
beta=2,7,4,105.98978996878202,lost_load
beta=2,7,5,186.76542943080725,lost_load
beta=2,7,6,263.8751871045733,lost_load
beta=2,7,7,341.8406308011509,lost_load
beta=2,7,8,595.1176174785791,lost_load
beta=2,7,9,767.9457554502973,lost_load
beta=2,7,10,1020.7123210573518,lost_load
beta=2,7,11,1416.8076275919545,lost_load
beta=2,7,12,1984.374611637255,lost_load
beta=2,7,13,2286.7022199759494,lost_load
beta=2,7,14,2622.29592663107,lost_load
beta=2,7,15,2961.256479678839,lost_load
beta=2,7,16,3362.876441420146,lost_load
beta=2,7,17,3915.726953605946,lost_load
beta=2,7,18,4784.812728350179,lost_load
beta=2,7,19,6023.339025397217,lost_load
beta=2,7,20,7143.171614898671,lost_load
beta=2,7,21,8232.32960534657,lost_load
beta=2,7,22,9251.797880841335,lost_load
beta=2,7,23,9628.543522627275,lost_load
beta=2,7,24,10055.29426547736,lost_load
beta=2,7,25,10514.290692591037,lost_load
beta=2,7,26,10912.687819749137,lost_load
beta=2,7,27,11386.63575627936,lost_load
beta=2,7,28,11793.957954614496,lost_load
beta=2,7,29,12228.988794226616,lost_load
beta=2,7,30,12467.211802231937,lost_load
beta=2,7,31,12713.514889237082,lost_load
beta=2,7,32,12880.676321660063,lost_load
beta=2,7,33,12894.049423415925,lost_load
beta=2,7,34,12938.17159453421,lost_load
beta=2,7,35,12967.05065583307,lost_load
beta=2,7,36,12997.020714436452,lost_load
beta=2,7,37,12997.020714436452,lost_load
beta=2,7,38,12997.020714436452,lost_load
beta=2,7,39,12997.020714436452,lost_load
beta=2,7,40,12997.020714436452,lost_load
beta=2,7,41,12997.020714436452,lost_load
beta=2,7,42,12997.020714436452,lost_load
beta=2,7,43,12997.020714436452,lost_load
beta=2,7,44,12997.020714436452,lost_load
beta=2,7,45,12997.020714436452,lost_load
beta=2,7,46,12997.020714436452,lost_load
beta=2,7,47,12997.020714436452,lost_load
beta=2,7,48,12997.020714436452,lost_load
beta=2,7,49,12997.020714436452,lost_load
beta=2,7,50,12997.020714436452,lost_load
beta=2,7,51,12997.020714436452,lost_load
beta=2,7,52,12997.020714436452,lost_load
beta=2,7,53,12997.020714436452,lost_load
beta=2,7,54,12997.020714436452,lost_load
beta=2,7,55,12997.020714436452,lost_load
beta=2,7,56,12997.020714436452,lost_load
beta=2,7,57,12997.020714436452,lost_load
beta=2,7,58,12997.020714436452,lost_load
beta=2,7,59,12997.020714436452,lost_load
beta=2,7,60,12997.020714436452,lost_load
beta=2,7,61,12997.020714436452,lost_load
beta=2,7,62,12997.020714436452,lost_load
beta=2,7,63,12997.020714436452,lost_load
beta=2,7,64,12997.020714436452,lost_load
beta=2,7,65,12997.020714436452,lost_load
beta=2,7,66,12997.020714436452,lost_load
beta=2,7,67,12997.020714436452,lost_load
beta=2,7,68,12997.020714436452,lost_load
beta=2,7,69,12997.020714436452,lost_load
beta=2,7,70,12997.020714436452,lost_load
beta=2,7,71,12997.020714436452,lost_load
beta=2,7,72,12997.020714436452,lost_load
beta=2,7,73,12997.020714436452,lost_load
beta=2,7,74,12997.020714436452,lost_load
beta=2,7,75,12997.020714436452,lost_load
beta=2,7,76,12997.020714436452,lost_load
beta=2,7,77,12997.020714436452,lost_load
beta=2,7,78,12997.020714436452,lost_load
beta=2,7,79,12997.020714436452,lost_load
beta=2,7,80,12997.020714436452,lost_load
beta=2,7,81,12997.020714436452,lost_load
beta=2,7,82,12997.020714436452,lost_load
beta=2,7,83,12997.020714436452,lost_load
beta=2,7,84,12997.020714436452,lost_load
beta=2,7,85,12997.020714436452,lost_load
beta=2,7,86,12997.020714436452,lost_load
beta=2,7,87,12997.020714436452,lost_load
beta=2,7,88,12997.020714436452,lost_load
beta=2,7,89,12997.020714436452,lost_load
beta=2,7,90,12997.020714436452,lost_load
beta=2,7,91,12997.020714436452,lost_load
beta=2,7,92,12997.020714436452,lost_load
beta=2,7,93,12997.020714436452,lost_load
beta=2,7,94,12997.020714436452,lost_load
beta=2,7,95,12997.020714436452,lost_load
beta=2,7,96,12997.020714436452,lost_load
beta=2,7,97,12997.020714436452,lost_load
beta=2,7,98,12997.020714436452,lost_load
beta=2,7,99,12997.020714436452,lost_load
beta=2,7,100,12997.020714436452,lost_load
beta=2,7,101,12997.020714436452,lost_load
beta=2,7,102,12997.020714436452,lost_load
beta=2,7,103,12997.020714436452,lost_load
beta=2,7,104,12997.020714436452,lost_load
beta=2,7,105,12997.020714436452,lost_load
beta=2,7,106,12997.020714436452,lost_load
beta=2,7,107,12997.020714436452,lost_load
beta=2,7,108,12997.020714436452,lost_load
beta=2,7,109,12997.020714436452,lost_load
beta=2,7,110,12997.020714436452,lost_load
beta=2,7,111,12997.020714436452,lost_load
beta=2,7,112,12997.020714436452,lost_load
beta=2,7,113,12997.020714436452,lost_load
beta=2,7,114,12997.020714436452,lost_load
beta=2,7,115,12997.020714436452,lost_load
beta=2,7,116,12997.020714436452,lost_load
beta=2,7,117,12997.020714436452,lost_load
beta=2,7,118,12997.020714436452,lost_load
beta=2,7,119,12997.020714436452,lost_load
beta=2,7,120,12997.020714436452,lost_load
beta=2,7,121,12997.020714436452,lost_load
beta=2,7,122,12997.020714436452,lost_load
beta=2,7,123,12997.020714436452,lost_load
beta=2,7,124,12997.020714436452,lost_load
beta=2,7,125,12997.020714436452,lost_load
beta=2,7,126,12997.020714436452,lost_load
beta=2,7,127,12997.020714436452,lost_load
beta=2,7,128,12997.020714436452,lost_load
beta=2,7,129,12997.020714436452,lost_load
beta=2,7,130,12997.020714436452,lost_load
beta=2,7,131,12997.020714436452,lost_load
beta=2,7,132,12997.020714436452,lost_load
beta=2,7,133,12997.020714436452,lost_load
beta=2,7,134,12997.020714436452,lost_load
beta=2,7,135,12997.020714436452,lost_load
beta=2,7,136,12997.020714436452,lost_load
beta=2,7,137,12997.020714436452,lost_load
beta=2,7,138,12997.020714436452,lost_load
beta=2,7,139,12997.020714436452,lost_load
beta=2,7,140,12997.020714436452,lost_load
beta=2,7,141,12997.020714436452,lost_load
beta=2,7,142,12997.020714436452,lost_load
beta=2,7,143,12997.020714436452,lost_load
beta=2,7,144,12997.020714436452,lost_load
beta=2,7,145,12997.020714436452,lost_load
beta=2,7,146,12997.020714436452,lost_load
beta=2,7,147,12997.020714436452,lost_load
beta=2,7,148,12997.020714436452,lost_load
beta=2,7,149,12997.020714436452,lost_load
beta=2,7,150,12997.020714436452,lost_load
beta=2,7,151,12997.020714436452,lost_load
beta=2,7,152,12997.020714436452,lost_load
beta=2,7,153,12997.020714436452,lost_load
beta=2,7,154,12997.020714436452,lost_load
beta=2,7,155,12997.020714436452,lost_load
beta=2,7,156,12997.020714436452,lost_load
beta=2,7,157,12997.020714436452,lost_load
beta=2,7,158,12997.020714436452,lost_load
beta=2,7,159,12997.020714436452,lost_load
beta=2,7,160,12997.020714436452,lost_load
beta=2,7,161,12997.020714436452,lost_load
beta=2,7,162,12997.020714436452,lost_load
beta=2,7,163,12997.020714436452,lost_load
beta=2,7,164,12997.020714436452,lost_load
beta=2,7,165,12997.020714436452,lost_load
beta=2,7,166,12997.020714436452,lost_load
beta=2,7,167,12997.020714436452,lost_load
beta=2,7,168,12997.020714436452,lost_load
beta=2,7,169,12997.020714436452,lost_load
beta=2,7,170,12997.020714436452,lost_load
beta=2,7,171,12997.020714436452,lost_load
beta=2,7,172,12997.020714436452,lost_load
beta=2,7,173,12997.020714436452,lost_load
beta=2,7,174,12997.020714436452,lost_load
beta=2,7,175,12997.020714436452,lost_load
beta=2,7,176,12997.020714436452,lost_load
beta=2,7,177,12997.020714436452,lost_load
beta=2,7,178,12997.020714436452,lost_load
beta=2,7,179,12997.020714436452,lost_load
beta=2,7,180,12997.020714436452,lost_load
beta=2,7,181,12997.020714436452,lost_load
beta=2,7,182,12997.020714436452,lost_load
beta=2,7,183,12997.020714436452,lost_load
beta=2,7,184,12997.020714436452,lost_load
beta=2,7,185,12997.020714436452,lost_load
beta=2,7,186,12997.020714436452,lost_load
beta=2,7,187,12997.020714436452,lost_load
beta=2,7,188,12997.020714436452,lost_load
beta=2,7,189,12997.020714436452,lost_load
beta=2,7,190,12997.020714436452,lost_load
beta=2,7,191,12997.020714436452,lost_load
beta=2,7,192,12997.020714436452,lost_load
beta=2,7,193,12997.020714436452,lost_load
beta=2,7,194,12997.020714436452,lost_load
beta=2,7,195,12997.020714436452,lost_load
beta=2,7,196,12997.020714436452,lost_load
beta=2,7,197,12997.020714436452,lost_load
beta=2,7,198,12997.020714436452,lost_load
beta=2,7,199,12997.020714436452,lost_load
beta=2,7,200,12997.020714436452,lost_load
